"path","parent","direct_files","direct_subdirs","subtree_files"
".cursor","","1","1","2"
".cursor\rules",".cursor","1","0","1"
".githooks","","1","0","1"
".github","","1","1","13"
".github\workflows",".github","12","0","12"
".tmp","","1","1","3"
".tmp\staging_apply",".tmp","0","1","2"
".tmp\staging_apply\supabase",".tmp\staging_apply","0","2","2"
".tmp\staging_apply\supabase\.temp",".tmp\staging_apply\supabase","1","0","1"
".tmp\staging_apply\supabase\migrations",".tmp\staging_apply\supabase","1","0","1"
".vercel","","3","1","9"
".vercel\output",".vercel","2","1","6"
".vercel\output\diagnostics",".vercel\output","4","0","4"
".vscode","","1","0","1"
"app","","6","35","1152"
"app\(app)","app","1","3","5"
"app\(app)\dashboard","app\(app)","1","0","1"
"app\(app)\home","app\(app)","1","0","1"
"app\(app)\week","app\(app)","2","0","2"
"app\(auth)","app","1","7","12"
"app\(auth)\accept-invite","app\(auth)","2","0","2"
"app\(auth)\forgot-password","app\(auth)","1","0","1"
"app\(auth)\login","app\(auth)","2","0","2"
"app\(auth)\logout","app\(auth)","1","0","1"
"app\(auth)\register","app\(auth)","1","1","2"
"app\(auth)\register\employee","app\(auth)\register","1","0","1"
"app\(auth)\registrering","app\(auth)","1","1","2"
"app\(auth)\registrering\mottatt","app\(auth)\registrering","1","0","1"
"app\(auth)\reset-password","app\(auth)","1","0","1"
"app\(backoffice)","app","0","1","340"
"app\(backoffice)\backoffice","app\(backoffice)","1","50","340"
"app\(backoffice)\backoffice\_shell","app\(backoffice)\backoffice","5","0","5"
"app\(backoffice)\backoffice\acquire","app\(backoffice)\backoffice","1","0","1"
"app\(backoffice)\backoffice\agreement-runtime","app\(backoffice)\backoffice","1","0","1"
"app\(backoffice)\backoffice\ai","app\(backoffice)\backoffice","2","2","6"
"app\(backoffice)\backoffice\ai\editor-verification","app\(backoffice)\backoffice\ai","1","0","1"
"app\(backoffice)\backoffice\ai\overview","app\(backoffice)\backoffice\ai","3","0","3"
"app\(backoffice)\backoffice\ai-control","app\(backoffice)\backoffice","2","0","2"
"app\(backoffice)\backoffice\automation","app\(backoffice)\backoffice","1","0","1"
"app\(backoffice)\backoffice\autonomy","app\(backoffice)\backoffice","1","1","2"
"app\(backoffice)\backoffice\autonomy\optimize","app\(backoffice)\backoffice\autonomy","1","0","1"
"app\(backoffice)\backoffice\board","app\(backoffice)\backoffice","1","0","1"
"app\(backoffice)\backoffice\business","app\(backoffice)\backoffice","1","0","1"
"app\(backoffice)\backoffice\business-exec","app\(backoffice)\backoffice","1","0","1"
"app\(backoffice)\backoffice\cms-ai","app\(backoffice)\backoffice","0","0",
"app\(backoffice)\backoffice\content","app\(backoffice)\backoffice","2","8","250"
"app\(backoffice)\backoffice\content\[id]","app\(backoffice)\backoffice\content","1","1","2"
"app\(backoffice)\backoffice\content\[id]\_components","app\(backoffice)\backoffice\content\[id]","1","0","1"
"app\(backoffice)\backoffice\content\_actions","app\(backoffice)\backoffice\content","1","0","1"
"app\(backoffice)\backoffice\content\_components","app\(backoffice)\backoffice\content","221","2","227"
"app\(backoffice)\backoffice\content\_components\editors","app\(backoffice)\backoffice\content\_components","4","0","4"
"app\(backoffice)\backoffice\content\_components\workspace","app\(backoffice)\backoffice\content\_components","2","0","2"
"app\(backoffice)\backoffice\content\_data","app\(backoffice)\backoffice\content","1","0","1"
"app\(backoffice)\backoffice\content\_tree","app\(backoffice)\backoffice\content","8","0","8"
"app\(backoffice)\backoffice\content\_workspace","app\(backoffice)\backoffice\content","7","0","7"
"app\(backoffice)\backoffice\content\growth","app\(backoffice)\backoffice\content","1","0","1"
"app\(backoffice)\backoffice\content\recycle-bin","app\(backoffice)\backoffice\content","1","0","1"
"app\(backoffice)\backoffice\control","app\(backoffice)\backoffice","2","0","2"
"app\(backoffice)\backoffice\control-tower","app\(backoffice)\backoffice","1","0","1"
"app\(backoffice)\backoffice\customers","app\(backoffice)\backoffice","1","0","1"
"app\(backoffice)\backoffice\design","app\(backoffice)\backoffice","1","0","1"
"app\(backoffice)\backoffice\domains","app\(backoffice)\backoffice","1","0","1"
"app\(backoffice)\backoffice\enterprise","app\(backoffice)\backoffice","1","0","1"
"app\(backoffice)\backoffice\esg","app\(backoffice)\backoffice","2","0","2"
"app\(backoffice)\backoffice\execution","app\(backoffice)\backoffice","1","0","1"
"app\(backoffice)\backoffice\exit","app\(backoffice)\backoffice","1","1","2"
"app\(backoffice)\backoffice\exit\execute","app\(backoffice)\backoffice\exit","1","0","1"
"app\(backoffice)\backoffice\exit-now","app\(backoffice)\backoffice","1","0","1"
"app\(backoffice)\backoffice\experiments","app\(backoffice)\backoffice","1","1","2"
"app\(backoffice)\backoffice\experiments\[id]","app\(backoffice)\backoffice\experiments","1","0","1"
"app\(backoffice)\backoffice\forms","app\(backoffice)\backoffice","1","1","2"
"app\(backoffice)\backoffice\forms\[id]","app\(backoffice)\backoffice\forms","1","0","1"
"app\(backoffice)\backoffice\global","app\(backoffice)\backoffice","1","0","1"
"app\(backoffice)\backoffice\intelligence","app\(backoffice)\backoffice","1","0","1"
"app\(backoffice)\backoffice\internal","app\(backoffice)\backoffice","0","1","1"
"app\(backoffice)\backoffice\internal\ai-verification","app\(backoffice)\backoffice\internal","1","0","1"
"app\(backoffice)\backoffice\ipo","app\(backoffice)\backoffice","1","0","1"
"app\(backoffice)\backoffice\market","app\(backoffice)\backoffice","1","1","2"
"app\(backoffice)\backoffice\market\domination","app\(backoffice)\backoffice\market","1","0","1"
"app\(backoffice)\backoffice\media","app\(backoffice)\backoffice","1","0","1"
"app\(backoffice)\backoffice\members","app\(backoffice)\backoffice","1","0","1"
"app\(backoffice)\backoffice\observability","app\(backoffice)\backoffice","1","0","1"
"app\(backoffice)\backoffice\ops","app\(backoffice)\backoffice","1","0","1"
"app\(backoffice)\backoffice\preview","app\(backoffice)\backoffice","0","1","1"
"app\(backoffice)\backoffice\preview\[id]","app\(backoffice)\backoffice\preview","1","0","1"
"app\(backoffice)\backoffice\realtime","app\(backoffice)\backoffice","1","0","1"
"app\(backoffice)\backoffice\releases","app\(backoffice)\backoffice","1","0","1"
"app\(backoffice)\backoffice\revenue","app\(backoffice)\backoffice","1","0","1"
"app\(backoffice)\backoffice\runtime","app\(backoffice)\backoffice","1","0","1"
"app\(backoffice)\backoffice\sales","app\(backoffice)\backoffice","1","0","1"
"app\(backoffice)\backoffice\sales-machine","app\(backoffice)\backoffice","1","0","1"
"app\(backoffice)\backoffice\sdr","app\(backoffice)\backoffice","1","0","1"
"app\(backoffice)\backoffice\security","app\(backoffice)\backoffice","1","1","8"
"app\(backoffice)\backoffice\security\_components","app\(backoffice)\backoffice\security","7","0","7"
"app\(backoffice)\backoffice\seo-growth","app\(backoffice)\backoffice","2","0","2"
"app\(backoffice)\backoffice\settings","app\(backoffice)\backoffice","2","10","14"
"app\(backoffice)\backoffice\settings\_components","app\(backoffice)\backoffice\settings","1","0","1"
"app\(backoffice)\backoffice\settings\ai-governance","app\(backoffice)\backoffice\settings","1","0","1"
"app\(backoffice)\backoffice\settings\create-options","app\(backoffice)\backoffice\settings","1","0","1"
"app\(backoffice)\backoffice\settings\create-policy","app\(backoffice)\backoffice\settings","1","0","1"
"app\(backoffice)\backoffice\settings\data-types","app\(backoffice)\backoffice\settings","1","1","2"
"app\(backoffice)\backoffice\settings\data-types\[kind]","app\(backoffice)\backoffice\settings\data-types","1","0","1"
"app\(backoffice)\backoffice\settings\document-types","app\(backoffice)\backoffice\settings","1","1","2"
"app\(backoffice)\backoffice\settings\document-types\[alias]","app\(backoffice)\backoffice\settings\document-types","1","0","1"
"app\(backoffice)\backoffice\settings\governance-insights","app\(backoffice)\backoffice\settings","1","0","1"
"app\(backoffice)\backoffice\settings\management-read","app\(backoffice)\backoffice\settings","1","0","1"
"app\(backoffice)\backoffice\settings\schema","app\(backoffice)\backoffice\settings","1","0","1"
"app\(backoffice)\backoffice\settings\system","app\(backoffice)\backoffice\settings","1","0","1"
"app\(backoffice)\backoffice\social","app\(backoffice)\backoffice","2","0","2"
"app\(backoffice)\backoffice\system","app\(backoffice)\backoffice","1","2","3"
"app\(backoffice)\backoffice\system\ai-config","app\(backoffice)\backoffice\system","1","0","1"
"app\(backoffice)\backoffice\system\ai-prompts","app\(backoffice)\backoffice\system","1","0","1"
"app\(backoffice)\backoffice\templates","app\(backoffice)\backoffice","1","0","1"
"app\(backoffice)\backoffice\translation","app\(backoffice)\backoffice","1","0","1"
"app\(backoffice)\backoffice\users","app\(backoffice)\backoffice","1","0","1"
"app\(backoffice)\backoffice\week-menu","app\(backoffice)\backoffice","1","0","1"
"app\(portal)","app","1","1","1"
"app\(portal)\week","app\(portal)","0","0",
"app\(public)","app","2","7","8"
"app\(public)\[slug]","app\(public)","1","0","1"
"app\(public)\alternativ-til-kantine","app\(public)","1","0","1"
"app\(public)\hvordan","app\(public)","1","0","1"
"app\(public)\investor","app\(public)","1","0","1"
"app\(public)\lunsjordning","app\(public)","1","0","1"
"app\(public)\pitch","app\(public)","1","0","1"
"app\(public)\registrering","app\(public)","0","1",
"app\(public)\registrering\components","app\(public)\registrering","0","0",
"app\admin","app","6","19","43"
"app\admin\agreement","app\admin","1","0","1"
"app\admin\ansatte","app\admin","1","0","1"
"app\admin\audit","app\admin","2","0","2"
"app\admin\baerekraft","app\admin","4","0","4"
"app\admin\companies","app\admin","2","0","2"
"app\admin\control-tower","app\admin","2","0","2"
"app\admin\dashboard","app\admin","3","0","3"
"app\admin\employees","app\admin","2","1","3"
"app\admin\employees\invites","app\admin\employees","0","1","1"
"app\admin\employees\invites\bulk","app\admin\employees\invites","1","0","1"
"app\admin\firma-onboarding","app\admin","1","0","1"
"app\admin\history","app\admin","1","0","1"
"app\admin\insights","app\admin","2","0","2"
"app\admin\invite","app\admin","3","0","3"
"app\admin\kitchen-test","app\admin","2","0","2"
"app\admin\kjokken","app\admin","2","1","3"
"app\admin\kjokken\orders","app\admin\kjokken","1","0","1"
"app\admin\locations","app\admin","1","0","1"
"app\admin\menus","app\admin","2","0","2"
"app\admin\orders","app\admin","1","0","1"
"app\admin\people","app\admin","2","0","2"
"app\admin\users","app\admin","1","0","1"
"app\api","app","0","78","572"
"app\api\_template","app\api","1","0","1"
"app\api\accept-invite","app\api","0","1","1"
"app\api\accept-invite\complete","app\api\accept-invite","1","0","1"
"app\api\acquire","app\api","1","1","2"
"app\api\acquire\strategy","app\api\acquire","1","0","1"
"app\api\address","app\api","0","2","2"
"app\api\address\resolve","app\api\address","1","0","1"
"app\api\address\search","app\api\address","1","0","1"
"app\api\admin","app\api","0","23","56"
"app\api\admin\accept-invite","app\api\admin","0","1","1"
"app\api\admin\accept-invite\complete","app\api\admin\accept-invite","1","0","1"
"app\api\admin\agreement","app\api\admin","1","0","1"
"app\api\admin\agreements","app\api\admin","1","1","2"
"app\api\admin\agreements\current","app\api\admin\agreements","1","0","1"
"app\api\admin\auth","app\api\admin","1","1","2"
"app\api\admin\auth\login","app\api\admin\auth","1","0","1"
"app\api\admin\company","app\api\admin","0","1","1"
"app\api\admin\company\status","app\api\admin\company","0","1","1"
"app\api\admin\company\status\set","app\api\admin\company\status","1","0","1"
"app\api\admin\dashboard","app\api\admin","1","0","1"
"app\api\admin\deliveries","app\api\admin","1","1","2"
"app\api\admin\deliveries\status","app\api\admin\deliveries","1","0","1"
"app\api\admin\demand-insights","app\api\admin","1","0","1"
"app\api\admin\employees","app\api\admin","1","9","14"
"app\api\admin\employees\[userId]","app\api\admin\employees","0","1","1"
"app\api\admin\employees\[userId]\disable","app\api\admin\employees\[userId]","1","0","1"
"app\api\admin\employees\activity","app\api\admin\employees","1","0","1"
"app\api\admin\employees\audit","app\api\admin\employees","1","0","1"
"app\api\admin\employees\export","app\api\admin\employees","1","0","1"
"app\api\admin\employees\invite","app\api\admin\employees","1","0","1"
"app\api\admin\employees\invites","app\api\admin\employees","1","4","5"
"app\api\admin\employees\invites\link","app\api\admin\employees\invites","1","0","1"
"app\api\admin\employees\invites\resend","app\api\admin\employees\invites","1","0","1"
"app\api\admin\employees\invites\revoke","app\api\admin\employees\invites","1","0","1"
"app\api\admin\employees\invites\stats","app\api\admin\employees\invites","1","0","1"
"app\api\admin\employees\list","app\api\admin\employees","1","0","1"
"app\api\admin\employees\resend-invite","app\api\admin\employees","1","0","1"
"app\api\admin\employees\set-disabled","app\api\admin\employees","1","0","1"
"app\api\admin\esg","app\api\admin","0","3","5"
"app\api\admin\esg\latest-monthly","app\api\admin\esg","1","0","1"
"app\api\admin\esg\report","app\api\admin\esg","0","3","3"
"app\api\admin\esg\report\executive","app\api\admin\esg\report","0","1","1"
"app\api\admin\esg\report\executive\pdf","app\api\admin\esg\report\executive","1","0","1"
"app\api\admin\esg\report\pdf","app\api\admin\esg\report","1","0","1"
"app\api\admin\esg\report\technical","app\api\admin\esg\report","0","1","1"
"app\api\admin\esg\report\technical\pdf","app\api\admin\esg\report\technical","1","0","1"
"app\api\admin\esg\summary","app\api\admin\esg","1","0","1"
"app\api\admin\insight","app\api\admin","1","0","1"
"app\api\admin\insights","app\api\admin","1","0","1"
"app\api\admin\invite","app\api\admin","1","0","1"
"app\api\admin\invites","app\api\admin","1","7","8"
"app\api\admin\invites\[id]","app\api\admin\invites","1","0","1"
"app\api\admin\invites\create","app\api\admin\invites","1","0","1"
"app\api\admin\invites\lookup","app\api\admin\invites","1","0","1"
"app\api\admin\invites\register","app\api\admin\invites","1","0","1"
"app\api\admin\invites\resend","app\api\admin\invites","1","0","1"
"app\api\admin\invites\resolve","app\api\admin\invites","1","0","1"
"app\api\admin\invites\revoke","app\api\admin\invites","1","0","1"
"app\api\admin\invoices","app\api\admin","0","1","1"
"app\api\admin\invoices\csv","app\api\admin\invoices","1","0","1"
"app\api\admin\locations","app\api\admin","1","3","4"
"app\api\admin\locations\audit","app\api\admin\locations","1","0","1"
"app\api\admin\locations\export","app\api\admin\locations","1","0","1"
"app\api\admin\locations\status","app\api\admin\locations","1","0","1"
"app\api\admin\me","app\api\admin","1","0","1"
"app\api\admin\metrics","app\api\admin","1","3","4"
"app\api\admin\metrics\daily","app\api\admin\metrics","1","0","1"
"app\api\admin\metrics\summary","app\api\admin\metrics","1","0","1"
"app\api\admin\metrics\weekly","app\api\admin\metrics","1","0","1"
"app\api\admin\operations-tower","app\api\admin","1","0","1"
"app\api\admin\orders","app\api\admin","1","0","1"
"app\api\admin\people","app\api\admin","1","0","1"
"app\api\admin\support","app\api\admin","0","1","1"
"app\api\admin\support\report","app\api\admin\support","1","0","1"
"app\api\admin\users","app\api\admin","1","0","1"
"app\api\agreements","app\api","1","1","2"
"app\api\agreements\my-latest","app\api\agreements","1","0","1"
"app\api\ai","app\api","1","24","32"
"app\api\ai\analyze","app\api\ai","1","0","1"
"app\api\ai\automation","app\api\ai","1","0","1"
"app\api\ai\block","app\api\ai","1","1","2"
"app\api\ai\block\score","app\api\ai\block","1","0","1"
"app\api\ai\business-engine","app\api\ai","1","0","1"
"app\api\ai\continue","app\api\ai","1","0","1"
"app\api\ai\copilot","app\api\ai","1","0","1"
"app\api\ai\dashboard","app\api\ai","1","0","1"
"app\api\ai\decision","app\api\ai","1","0","1"
"app\api\ai\design","app\api\ai","0","2","2"
"app\api\ai\design\analyze","app\api\ai\design","1","0","1"
"app\api\ai\design\generate","app\api\ai\design","1","0","1"
"app\api\ai\experiments","app\api\ai","1","0","1"
"app\api\ai\generate","app\api\ai","1","0","1"
"app\api\ai\growth","app\api\ai","0","3","3"
"app\api\ai\growth\ads","app\api\ai\growth","1","0","1"
"app\api\ai\growth\funnel","app\api\ai\growth","1","0","1"
"app\api\ai\growth\seo","app\api\ai\growth","1","0","1"
"app\api\ai\image","app\api\ai","1","0","1"
"app\api\ai\inline","app\api\ai","1","0","1"
"app\api\ai\insights","app\api\ai","1","0","1"
"app\api\ai\layout","app\api\ai","1","0","1"
"app\api\ai\learn","app\api\ai","1","0","1"
"app\api\ai\optimize","app\api\ai","1","0","1"
"app\api\ai\page","app\api\ai","1","2","3"
"app\api\ai\page\audit","app\api\ai\page","1","0","1"
"app\api\ai\page\build","app\api\ai\page","1","0","1"
"app\api\ai\recommendation","app\api\ai","0","2","2"
"app\api\ai\recommendation\apply","app\api\ai\recommendation","1","0","1"
"app\api\ai\recommendation\history","app\api\ai\recommendation","1","0","1"
"app\api\ai\rewrite","app\api\ai","1","0","1"
"app\api\ai\swarm","app\api\ai","1","0","1"
"app\api\ai\track","app\api\ai","1","0","1"
"app\api\ai\usage","app\api\ai","1","0","1"
"app\api\alerts","app\api","0","1","1"
"app\api\alerts\run","app\api\alerts","1","0","1"
"app\api\auth","app\api","1","13","14"
"app\api\auth\accept-invite","app\api\auth","1","0","1"
"app\api\auth\debug-cookies","app\api\auth","1","0","1"
"app\api\auth\dev-bypass","app\api\auth","1","0","1"
"app\api\auth\forgot-password","app\api\auth","1","0","1"
"app\api\auth\login","app\api\auth","1","0","1"
"app\api\auth\login-debug","app\api\auth","1","0","1"
"app\api\auth\logout","app\api\auth","1","0","1"
"app\api\auth\me","app\api\auth","1","0","1"
"app\api\auth\post-login","app\api\auth","1","0","1"
"app\api\auth\profile","app\api\auth","1","0","1"
"app\api\auth\redirect","app\api\auth","1","0","1"
"app\api\auth\remote-backend-harness","app\api\auth","1","0","1"
"app\api\auth\session","app\api\auth","1","0","1"
"app\api\automation","app\api","0","1","1"
"app\api\automation\mode","app\api\automation","1","0","1"
"app\api\autonomy","app\api","0","2","2"
"app\api\autonomy\revenue","app\api\autonomy","1","0","1"
"app\api\autonomy\run","app\api\autonomy","1","0","1"
"app\api\backoffice","app\api","0","20","88"
"app\api\backoffice\ai","app\api\backoffice","0","23","31"
"app\api\backoffice\ai\apply","app\api\backoffice\ai","1","0","1"
"app\api\backoffice\ai\auto-improve","app\api\backoffice\ai","1","0","1"
"app\api\backoffice\ai\block-builder","app\api\backoffice\ai","1","0","1"
"app\api\backoffice\ai\build-home-from-intent","app\api\backoffice\ai","1","0","1"
"app\api\backoffice\ai\capability","app\api\backoffice\ai","1","0","1"
"app\api\backoffice\ai\cms-menu","app\api\backoffice\ai","1","0","1"
"app\api\backoffice\ai\cta-improve","app\api\backoffice\ai","1","0","1"
"app\api\backoffice\ai\design-optimizer","app\api\backoffice\ai","0","3","3"
"app\api\backoffice\ai\design-optimizer\analyze","app\api\backoffice\ai\design-optimizer","1","0","1"
"app\api\backoffice\ai\design-optimizer\apply","app\api\backoffice\ai\design-optimizer","1","0","1"
"app\api\backoffice\ai\design-optimizer\revert","app\api\backoffice\ai\design-optimizer","1","0","1"
"app\api\backoffice\ai\design-suggestion","app\api\backoffice\ai","0","1","1"
"app\api\backoffice\ai\design-suggestion\log-apply","app\api\backoffice\ai\design-suggestion","1","0","1"
"app\api\backoffice\ai\health","app\api\backoffice\ai","0","2","2"
"app\api\backoffice\ai\health\latest","app\api\backoffice\ai\health","1","0","1"
"app\api\backoffice\ai\health\scan","app\api\backoffice\ai\health","1","0","1"
"app\api\backoffice\ai\image-generator","app\api\backoffice\ai","1","0","1"
"app\api\backoffice\ai\image-metadata","app\api\backoffice\ai","1","0","1"
"app\api\backoffice\ai\intelligence","app\api\backoffice\ai","0","3","3"
"app\api\backoffice\ai\intelligence\dashboard","app\api\backoffice\ai\intelligence","1","0","1"
"app\api\backoffice\ai\intelligence\events","app\api\backoffice\ai\intelligence","1","0","1"
"app\api\backoffice\ai\intelligence\query","app\api\backoffice\ai\intelligence","1","0","1"
"app\api\backoffice\ai\jobs","app\api\backoffice\ai","1","1","2"
"app\api\backoffice\ai\jobs\run","app\api\backoffice\ai\jobs","1","0","1"
"app\api\backoffice\ai\layout-suggestions","app\api\backoffice\ai","1","0","1"
"app\api\backoffice\ai\page-builder","app\api\backoffice\ai","1","0","1"
"app\api\backoffice\ai\page-intelligence","app\api\backoffice\ai","1","0","1"
"app\api\backoffice\ai\screenshot-builder","app\api\backoffice\ai","1","0","1"
"app\api\backoffice\ai\seo-intelligence","app\api\backoffice\ai","1","0","1"
"app\api\backoffice\ai\status","app\api\backoffice\ai","1","0","1"
"app\api\backoffice\ai\suggest","app\api\backoffice\ai","1","0","1"
"app\api\backoffice\ai\suggestions","app\api\backoffice\ai","1","1","3"
"app\api\backoffice\ai\suggestions\[id]","app\api\backoffice\ai\suggestions","1","1","2"
"app\api\backoffice\ai\suggestions\[id]\status","app\api\backoffice\ai\suggestions\[id]","1","0","1"
"app\api\backoffice\ai\text-improve","app\api\backoffice\ai","1","0","1"
"app\api\backoffice\autonomy","app\api\backoffice","0","4","4"
"app\api\backoffice\autonomy\feedback","app\api\backoffice\autonomy","1","0","1"
"app\api\backoffice\autonomy\optimize","app\api\backoffice\autonomy","1","0","1"
"app\api\backoffice\autonomy\recommendations","app\api\backoffice\autonomy","1","0","1"
"app\api\backoffice\autonomy\run","app\api\backoffice\autonomy","1","0","1"
"app\api\backoffice\ceo","app\api\backoffice","0","3","3"
"app\api\backoffice\ceo\feedback","app\api\backoffice\ceo","1","0","1"
"app\api\backoffice\ceo\recommendations","app\api\backoffice\ceo","1","0","1"
"app\api\backoffice\ceo\run","app\api\backoffice\ceo","1","0","1"
"app\api\backoffice\cms","app\api\backoffice","0","1","1"
"app\api\backoffice\cms\menu-draft","app\api\backoffice\cms","1","0","1"
"app\api\backoffice\company","app\api\backoffice","0","1","1"
"app\api\backoffice\company\control-tower","app\api\backoffice\company","1","1","1"
"app\api\backoffice\company\control-tower\act","app\api\backoffice\company\control-tower","0","0",
"app\api\backoffice\content","app\api\backoffice","0","11","19"
"app\api\backoffice\content\audit-log","app\api\backoffice\content","1","0","1"
"app\api\backoffice\content\batch-normalize-legacy","app\api\backoffice\content","1","0","1"
"app\api\backoffice\content\build-home","app\api\backoffice\content","1","0","1"
"app\api\backoffice\content\footer-config","app\api\backoffice\content","1","0","1"
"app\api\backoffice\content\governance-registry","app\api\backoffice\content","1","0","1"
"app\api\backoffice\content\governance-usage","app\api\backoffice\content","1","0","1"
"app\api\backoffice\content\header-config","app\api\backoffice\content","0","1","1"
"app\api\backoffice\content\header-config\[variant]","app\api\backoffice\content\header-config","1","0","1"
"app\api\backoffice\content\home","app\api\backoffice\content","1","0","1"
"app\api\backoffice\content\pages","app\api\backoffice\content","1","2","8"
"app\api\backoffice\content\pages\[id]","app\api\backoffice\content\pages","1","5","6"
"app\api\backoffice\content\pages\[id]\check-release","app\api\backoffice\content\pages\[id]","1","0","1"
"app\api\backoffice\content\pages\[id]\insights","app\api\backoffice\content\pages\[id]","1","0","1"
"app\api\backoffice\content\pages\[id]\published-body","app\api\backoffice\content\pages\[id]","1","0","1"
"app\api\backoffice\content\pages\[id]\variant","app\api\backoffice\content\pages\[id]","0","1","1"
"app\api\backoffice\content\pages\[id]\variant\publish","app\api\backoffice\content\pages\[id]\variant","1","0","1"
"app\api\backoffice\content\pages\[id]\workflow","app\api\backoffice\content\pages\[id]","1","0","1"
"app\api\backoffice\content\pages\by-slug","app\api\backoffice\content\pages","1","0","1"
"app\api\backoffice\content\publish-home","app\api\backoffice\content","1","0","1"
"app\api\backoffice\content\tree","app\api\backoffice\content","1","1","2"
"app\api\backoffice\content\tree\move","app\api\backoffice\content\tree","1","0","1"
"app\api\backoffice\control-plane","app\api\backoffice","0","1","1"
"app\api\backoffice\control-plane\discovery-entity-bundle","app\api\backoffice\control-plane","1","0","1"
"app\api\backoffice\control-tower","app\api\backoffice","1","0","1"
"app\api\backoffice\enterprise","app\api\backoffice","0","1","1"
"app\api\backoffice\enterprise\page-insights","app\api\backoffice\enterprise","1","0","1"
"app\api\backoffice\esg","app\api\backoffice","0","2","2"
"app\api\backoffice\esg\latest-monthly","app\api\backoffice\esg","1","0","1"
"app\api\backoffice\esg\summary","app\api\backoffice\esg","1","0","1"
"app\api\backoffice\experiments","app\api\backoffice","1","5","6"
"app\api\backoffice\experiments\[id]","app\api\backoffice\experiments","1","0","1"
"app\api\backoffice\experiments\create","app\api\backoffice\experiments","1","0","1"
"app\api\backoffice\experiments\event","app\api\backoffice\experiments","1","0","1"
"app\api\backoffice\experiments\resolve","app\api\backoffice\experiments","1","0","1"
"app\api\backoffice\experiments\stats","app\api\backoffice\experiments","1","0","1"
"app\api\backoffice\forms","app\api\backoffice","1","1","3"
"app\api\backoffice\forms\[id]","app\api\backoffice\forms","1","1","2"
"app\api\backoffice\forms\[id]\submissions","app\api\backoffice\forms\[id]","1","0","1"
"app\api\backoffice\growth","app\api\backoffice","0","1","1"
"app\api\backoffice\growth\summary","app\api\backoffice\growth","1","0","1"
"app\api\backoffice\media","app\api\backoffice","0","2","3"
"app\api\backoffice\media\items","app\api\backoffice\media","1","1","2"
"app\api\backoffice\media\items\[id]","app\api\backoffice\media\items","1","0","1"
"app\api\backoffice\media\upload","app\api\backoffice\media","1","0","1"
"app\api\backoffice\releases","app\api\backoffice","1","1","6"
"app\api\backoffice\releases\[id]","app\api\backoffice\releases","1","3","5"
"app\api\backoffice\releases\[id]\execute","app\api\backoffice\releases\[id]","1","0","1"
"app\api\backoffice\releases\[id]\items","app\api\backoffice\releases\[id]","1","1","2"
"app\api\backoffice\releases\[id]\items\[variantId]","app\api\backoffice\releases\[id]\items","1","0","1"
"app\api\backoffice\releases\[id]\schedule","app\api\backoffice\releases\[id]","1","0","1"
"app\api\backoffice\revenue","app\api\backoffice","0","1","1"
"app\api\backoffice\revenue\insights","app\api\backoffice\revenue","1","0","1"
"app\api\backoffice\sanity","app\api\backoffice","0","1","1"
"app\api\backoffice\sanity\menu-content","app\api\backoffice\sanity","0","1","1"
"app\api\backoffice\sanity\menu-content\publish","app\api\backoffice\sanity\menu-content","1","0","1"
"app\api\backoffice\settings","app\api\backoffice","1","0","1"
"app\api\backoffice\translation","app\api\backoffice","0","1","1"
"app\api\backoffice\translation\summary","app\api\backoffice\translation","1","0","1"
"app\api\backoffice\users","app\api\backoffice","1","0","1"
"app\api\board","app\api","1","0","1"
"app\api\business","app\api","0","1","1"
"app\api\business\run","app\api\business","1","0","1"
"app\api\ceo","app\api","0","3","3"
"app\api\ceo\brain","app\api\ceo","1","0","1"
"app\api\ceo\run","app\api\ceo","1","0","1"
"app\api\ceo\snapshot","app\api\ceo","1","0","1"
"app\api\chaos","app\api","0","2","2"
"app\api\chaos\load","app\api\chaos","1","0","1"
"app\api\chaos\test","app\api\chaos","1","0","1"
"app\api\company","app\api","0","1","1"
"app\api\company\create","app\api\company","1","0","1"
"app\api\contact","app\api","1","0","1"
"app\api\content","app\api","0","1","3"
"app\api\content\global","app\api\content","0","4","3"
"app\api\content\global\[key]","app\api\content\global","0","0",
"app\api\content\global\footer","app\api\content\global","1","0","1"
"app\api\content\global\header","app\api\content\global","1","0","1"
"app\api\content\global\settings","app\api\content\global","1","0","1"
"app\api\control-tower","app\api","1","1","2"
"app\api\control-tower\snapshot","app\api\control-tower","1","0","1"
"app\api\crm","app\api","0","1","1"
"app\api\crm\lead","app\api\crm","1","0","1"
"app\api\cron","app\api","0","53","58"
"app\api\cron\ai","app\api\cron","1","0","1"
"app\api\cron\ai-ceo","app\api\cron","1","0","1"
"app\api\cron\ai-experiment-generator","app\api\cron","1","0","1"
"app\api\cron\ai-governance-auto","app\api\cron","1","0","1"
"app\api\cron\ai-optimize","app\api\cron","1","0","1"
"app\api\cron\attribution","app\api\cron","1","0","1"
"app\api\cron\autonomous","app\api\cron","1","0","1"
"app\api\cron\autonomy","app\api\cron","1","0","1"
"app\api\cron\autopilot","app\api\cron","1","0","1"
"app\api\cron\blackbox","app\api\cron","1","0","1"
"app\api\cron\boardroom","app\api\cron","1","0","1"
"app\api\cron\budget-execution","app\api\cron","1","0","1"
"app\api\cron\business","app\api\cron","1","0","1"
"app\api\cron\capital-allocation","app\api\cron","1","0","1"
"app\api\cron\ceo","app\api\cron","1","0","1"
"app\api\cron\cleanup-invites","app\api\cron","1","0","1"
"app\api\cron\credit-check","app\api\cron","1","0","1"
"app\api\cron\daily-sanity","app\api\cron","1","0","1"
"app\api\cron\esg","app\api\cron","0","5","6"
"app\api\cron\esg\daily","app\api\cron\esg","1","0","1"
"app\api\cron\esg\generate","app\api\cron\esg","1","0","1"
"app\api\cron\esg\lock","app\api\cron\esg","0","2","2"
"app\api\cron\esg\lock\monthly","app\api\cron\esg\lock","1","0","1"
"app\api\cron\esg\lock\yearly","app\api\cron\esg\lock","1","0","1"
"app\api\cron\esg\monthly","app\api\cron\esg","1","0","1"
"app\api\cron\esg\yearly","app\api\cron\esg","1","0","1"
"app\api\cron\experiments","app\api\cron","1","0","1"
"app\api\cron\forecast","app\api\cron","1","0","1"
"app\api\cron\global-learning","app\api\cron","1","0","1"
"app\api\cron\god-mode","app\api\cron","1","0","1"
"app\api\cron\invoice-companies","app\api\cron","1","0","1"
"app\api\cron\invoices","app\api\cron","0","1","1"
"app\api\cron\invoices\generate","app\api\cron\invoices","1","0","1"
"app\api\cron\kitchen-print","app\api\cron","1","0","1"
"app\api\cron\lock-weekplans","app\api\cron","1","0","1"
"app\api\cron\market","app\api\cron","1","0","1"
"app\api\cron\monitor","app\api\cron","1","0","1"
"app\api\cron\monitoring","app\api\cron","1","0","1"
"app\api\cron\monopoly","app\api\cron","1","0","1"
"app\api\cron\omniscient","app\api\cron","1","0","1"
"app\api\cron\org","app\api\cron","1","0","1"
"app\api\cron\outbox","app\api\cron","1","0","1"
"app\api\cron\pipeline","app\api\cron","1","0","1"
"app\api\cron\preprod","app\api\cron","1","0","1"
"app\api\cron\profit","app\api\cron","1","0","1"
"app\api\cron\reality","app\api\cron","1","0","1"
"app\api\cron\realtime-monitor","app\api\cron","1","0","1"
"app\api\cron\resolve-experiments","app\api\cron","1","0","1"
"app\api\cron\retrain","app\api\cron","1","0","1"
"app\api\cron\retrain-sequence","app\api\cron","1","0","1"
"app\api\cron\revenue","app\api\cron","1","0","1"
"app\api\cron\revenue-mode","app\api\cron","1","0","1"
"app\api\cron\scaling","app\api\cron","1","0","1"
"app\api\cron\singularity","app\api\cron","1","0","1"
"app\api\cron\social","app\api\cron","1","0","1"
"app\api\cron\strategy","app\api\cron","1","0","1"
"app\api\cron\system-motor","app\api\cron","1","0","1"
"app\api\cron\train-model","app\api\cron","1","0","1"
"app\api\cron\train-sequence","app\api\cron","1","0","1"
"app\api\cron\week-scheduler","app\api\cron","1","0","1"
"app\api\cron\week-visibility","app\api\cron","1","0","1"
"app\api\cto","app\api","0","1","1"
"app\api\cto\run","app\api\cto","1","0","1"
"app\api\customers","app\api","0","1","1"
"app\api\customers\register","app\api\customers","1","0","1"
"app\api\debug","app\api","0","3","3"
"app\api\debug\cookies","app\api\debug","1","0","1"
"app\api\debug\cookie-test","app\api\debug","1","0","1"
"app\api\debug\whoami","app\api\debug","1","0","1"
"app\api\dev","app\api","0","1","1"
"app\api\dev\test-order-status","app\api\dev","1","0","1"
"app\api\driver","app\api","0","5","5"
"app\api\driver\bulk-set","app\api\driver","1","0","1"
"app\api\driver\confirm","app\api\driver","1","0","1"
"app\api\driver\orders","app\api\driver","1","0","1"
"app\api\driver\stops","app\api\driver","1","0","1"
"app\api\driver\today","app\api\driver","1","0","1"
"app\api\edge","app\api","0","2","2"
"app\api\edge\ai","app\api\edge","1","0","1"
"app\api\edge\metrics","app\api\edge","1","0","1"
"app\api\editor-ai","app\api","0","1","1"
"app\api\editor-ai\metrics","app\api\editor-ai","1","0","1"
"app\api\events","app\api","0","1","1"
"app\api\events\publish","app\api\events","1","0","1"
"app\api\example","app\api","1","0","1"
"app\api\execution","app\api","0","4","4"
"app\api\execution\approve","app\api\execution","1","0","1"
"app\api\execution\create","app\api\execution","1","0","1"
"app\api\execution\queue","app\api\execution","1","0","1"
"app\api\execution\run","app\api\execution","1","0","1"
"app\api\exit","app\api","1","3","4"
"app\api\exit\execute","app\api\exit","1","0","1"
"app\api\exit\now","app\api\exit","1","0","1"
"app\api\exit\sell","app\api\exit","1","0","1"
"app\api\experiments","app\api","0","5","5"
"app\api\experiments\assign","app\api\experiments","1","0","1"
"app\api\experiments\results","app\api\experiments","1","0","1"
"app\api\experiments\rollout","app\api\experiments","1","0","1"
"app\api\experiments\track","app\api\experiments","1","0","1"
"app\api\experiments\winner","app\api\experiments","1","0","1"
"app\api\global","app\api","0","3","3"
"app\api\global\expand","app\api\global","1","0","1"
"app\api\global\markets","app\api\global","1","0","1"
"app\api\global\run","app\api\global","1","0","1"
"app\api\growth","app\api","0","2","2"
"app\api\growth\multichannel","app\api\growth","1","0","1"
"app\api\growth\optimize","app\api\growth","1","0","1"
"app\api\health","app\api","1","2","3"
"app\api\health\live","app\api\health","1","0","1"
"app\api\health\ready","app\api\health","1","0","1"
"app\api\integrations","app\api","0","1","1"
"app\api\integrations\execute","app\api\integrations","1","0","1"
"app\api\internal","app\api","0","1","1"
"app\api\internal\scheduler","app\api\internal","0","1","1"
"app\api\internal\scheduler\run","app\api\internal\scheduler","1","0","1"
"app\api\investor","app\api","0","1","1"
"app\api\investor\valuation","app\api\investor","1","0","1"
"app\api\ipo","app\api","1","0","1"
"app\api\kitchen","app\api","1","10","19"
"app\api\kitchen\batch","app\api\kitchen","1","7","8"
"app\api\kitchen\batch\get","app\api\kitchen\batch","1","0","1"
"app\api\kitchen\batch\list","app\api\kitchen\batch","1","0","1"
"app\api\kitchen\batch\reset","app\api\kitchen\batch","1","0","1"
"app\api\kitchen\batch\set","app\api\kitchen\batch","1","0","1"
"app\api\kitchen\batch\start","app\api\kitchen\batch","1","0","1"
"app\api\kitchen\batch\summary","app\api\kitchen\batch","1","0","1"
"app\api\kitchen\batch\upsert","app\api\kitchen\batch","1","0","1"
"app\api\kitchen\companies","app\api\kitchen","1","0","1"
"app\api\kitchen\company","app\api\kitchen","1","0","1"
"app\api\kitchen\day","app\api\kitchen","1","0","1"
"app\api\kitchen\demand-forecast","app\api\kitchen","1","0","1"
"app\api\kitchen\orders","app\api\kitchen","1","1","2"
"app\api\kitchen\orders.csv","app\api\kitchen","1","0","1"
"app\api\kitchen\orders\batch-status","app\api\kitchen\orders","1","0","1"
"app\api\kitchen\report","app\api\kitchen","1","0","1"
"app\api\kitchen\report.csv","app\api\kitchen","1","0","1"
"app\api\kitchen\today","app\api\kitchen","1","0","1"
"app\api\market","app\api","1","1","2"
"app\api\market\domination","app\api\market","1","0","1"
"app\api\me","app\api","1","1","2"
"app\api\me\agreement","app\api\me","1","0","1"
"app\api\observability","app\api","1","1","2"
"app\api\observability\edge","app\api\observability","1","0","1"
"app\api\onboarding","app\api","0","2","2"
"app\api\onboarding\complete","app\api\onboarding","1","0","1"
"app\api\onboarding\terms-pdf","app\api\onboarding","1","0","1"
"app\api\ops","app\api","1","1","2"
"app\api\ops\global","app\api\ops","1","0","1"
"app\api\order","app\api","1","6","7"
"app\api\order\bulk-set","app\api\order","1","0","1"
"app\api\order\cancel","app\api\order","1","0","1"
"app\api\order\set-choice","app\api\order","1","0","1"
"app\api\order\set-day","app\api\order","1","0","1"
"app\api\order\week-demand-hints","app\api\order","1","0","1"
"app\api\order\window","app\api\order","1","0","1"
"app\api\orders","app\api","1","10","13"
"app\api\orders\[orderId]","app\api\orders","1","2","3"
"app\api\orders\[orderId]\cancel","app\api\orders\[orderId]","1","0","1"
"app\api\orders\[orderId]\toggle","app\api\orders\[orderId]","1","0","1"
"app\api\orders\cancel","app\api\orders","1","0","1"
"app\api\orders\choice","app\api\orders","1","0","1"
"app\api\orders\export","app\api\orders","1","0","1"
"app\api\orders\my","app\api\orders","1","0","1"
"app\api\orders\set","app\api\orders","1","0","1"
"app\api\orders\today","app\api\orders","1","0","1"
"app\api\orders\toggle","app\api\orders","1","0","1"
"app\api\orders\upsert","app\api\orders","1","0","1"
"app\api\orders\week","app\api\orders","1","0","1"
"app\api\outbound","app\api","0","1","1"
"app\api\outbound\generate","app\api\outbound","1","0","1"
"app\api\outbox","app\api","0","2","2"
"app\api\outbox\process","app\api\outbox","1","0","1"
"app\api\outbox\retry","app\api\outbox","1","0","1"
"app\api\page","app\api","0","3","3"
"app\api\page\rollback","app\api\page","1","0","1"
"app\api\page\version","app\api\page","0","1","1"
"app\api\page\version\[id]","app\api\page\version","1","0","1"
"app\api\page\versions","app\api\page","1","0","1"
"app\api\pipeline","app\api","0","3","3"
"app\api\pipeline\actions","app\api\pipeline","1","0","1"
"app\api\pipeline\deals","app\api\pipeline","1","0","1"
"app\api\pipeline\update-stage","app\api\pipeline","1","0","1"
"app\api\pitch","app\api","1","0","1"
"app\api\profile","app\api","1","1","2"
"app\api\profile\set-scope","app\api\profile","1","0","1"
"app\api\public","app\api","0","9","12"
"app\api\public\ai-demo-cta","app\api\public","0","1","1"
"app\api\public\ai-demo-cta\assign","app\api\public\ai-demo-cta","1","0","1"
"app\api\public\analytics","app\api\public","2","0","2"
"app\api\public\demo-interest","app\api\public","1","0","1"
"app\api\public\forms","app\api\public","0","1","2"
"app\api\public\forms\[id]","app\api\public\forms","1","1","2"
"app\api\public\forms\[id]\schema","app\api\public\forms\[id]","1","0","1"
"app\api\public\onboarding","app\api\public","0","2","2"
"app\api\public\onboarding\create-admin","app\api\public\onboarding","1","0","1"
"app\api\public\onboarding\register","app\api\public\onboarding","1","0","1"
"app\api\public\register","app\api\public","1","0","1"
"app\api\public\register-company","app\api\public","1","0","1"
"app\api\public\search","app\api\public","1","0","1"
"app\api\public\track-event","app\api\public","1","0","1"
"app\api\queue","app\api","0","1","1"
"app\api\queue\add","app\api\queue","1","0","1"
"app\api\register","app\api","1","0","1"
"app\api\revenue","app\api","1","5","6"
"app\api\revenue\autopilot","app\api\revenue","1","0","1"
"app\api\revenue\brain","app\api\revenue","1","0","1"
"app\api\revenue\lead","app\api\revenue","1","0","1"
"app\api\revenue\live","app\api\revenue","1","0","1"
"app\api\revenue\pipeline","app\api\revenue","1","0","1"
"app\api\sales","app\api","0","11","14"
"app\api\sales\agent","app\api\sales","0","1","1"
"app\api\sales\agent\run","app\api\sales\agent","1","0","1"
"app\api\sales\ai","app\api\sales","1","0","1"
"app\api\sales\closing","app\api\sales","0","2","2"
"app\api\sales\closing\execute","app\api\sales\closing","1","0","1"
"app\api\sales\closing\ready","app\api\sales\closing","1","0","1"
"app\api\sales\cockpit","app\api\sales","0","1","1"
"app\api\sales\cockpit\log","app\api\sales\cockpit","1","0","1"
"app\api\sales\lead","app\api\sales","1","0","1"
"app\api\sales\loop","app\api\sales","0","1","1"
"app\api\sales\loop\run","app\api\sales\loop","1","0","1"
"app\api\sales\objection","app\api\sales","0","2","2"
"app\api\sales\objection\reply","app\api\sales\objection","1","0","1"
"app\api\sales\objection\send","app\api\sales\objection","1","0","1"
"app\api\sales\run","app\api\sales","1","0","1"
"app\api\sales\scale","app\api\sales","1","0","1"
"app\api\sales\send","app\api\sales","1","0","1"
"app\api\sales\sequence","app\api\sales","0","2","2"
"app\api\sales\sequence\inbound","app\api\sales\sequence","1","0","1"
"app\api\sales\sequence\timeline","app\api\sales\sequence","1","0","1"
"app\api\scope","app\api","0","1","1"
"app\api\scope\options","app\api\scope","1","0","1"
"app\api\sdr","app\api","0","2","2"
"app\api\sdr\queue","app\api\sdr","1","0","1"
"app\api\sdr\run","app\api\sdr","1","0","1"
"app\api\security","app\api","0","2","2"
"app\api\security\alerts","app\api\security","1","0","1"
"app\api\security\audit","app\api\security","1","0","1"
"app\api\social","app\api","0","10","15"
"app\api\social\ab","app\api\social","0","2","2"
"app\api\social\ab\analytics","app\api\social\ab","1","0","1"
"app\api\social\ab\decisions","app\api\social\ab","1","0","1"
"app\api\social\ai","app\api\social","1","1","2"
"app\api\social\ai\generate","app\api\social\ai","1","0","1"
"app\api\social\analytics","app\api\social","1","0","1"
"app\api\social\autonomous","app\api\social","0","1","1"
"app\api\social\autonomous\run","app\api\social\autonomous","1","0","1"
"app\api\social\posts","app\api\social","1","3","4"
"app\api\social\posts\[id]","app\api\social\posts","1","0","1"
"app\api\social\posts\publish","app\api\social\posts","1","0","1"
"app\api\social\posts\save","app\api\social\posts","1","0","1"
"app\api\social\recommendations","app\api\social","1","0","1"
"app\api\social\redirect","app\api\social","1","0","1"
"app\api\social\run","app\api\social","1","0","1"
"app\api\social\track","app\api\social","1","0","1"
"app\api\social\unified","app\api\social","0","1","1"
"app\api\social\unified\generate","app\api\social\unified","1","0","1"
"app\api\something","app\api","1","0","1"
"app\api\sre","app\api","0","2","2"
"app\api\sre\metrics","app\api\sre","1","0","1"
"app\api\sre\uptime","app\api\sre","1","0","1"
"app\api\strategy","app\api","0","1","1"
"app\api\strategy\run","app\api\strategy","1","0","1"
"app\api\stream","app\api","1","0","1"
"app\api\superadmin","app\api","0","40","111"
"app\api\superadmin\_gate","app\api\superadmin","1","0","1"
"app\api\superadmin\agreements","app\api\superadmin","1","2","9"
"app\api\superadmin\agreements\[agreementId]","app\api\superadmin\agreements","0","7","7"
"app\api\superadmin\agreements\[agreementId]\activate","app\api\superadmin\agreements\[agreementId]","1","0","1"
"app\api\superadmin\agreements\[agreementId]\approve","app\api\superadmin\agreements\[agreementId]","1","0","1"
"app\api\superadmin\agreements\[agreementId]\close","app\api\superadmin\agreements\[agreementId]","1","0","1"
"app\api\superadmin\agreements\[agreementId]\pause","app\api\superadmin\agreements\[agreementId]","1","0","1"
"app\api\superadmin\agreements\[agreementId]\pause-ledger","app\api\superadmin\agreements\[agreementId]","1","0","1"
"app\api\superadmin\agreements\[agreementId]\reject","app\api\superadmin\agreements\[agreementId]","1","0","1"
"app\api\superadmin\agreements\[agreementId]\resume","app\api\superadmin\agreements\[agreementId]","1","0","1"
"app\api\superadmin\agreements\list","app\api\superadmin\agreements","1","0","1"
"app\api\superadmin\ai-config","app\api\superadmin","1","0","1"
"app\api\superadmin\ai-prompts","app\api\superadmin","1","0","1"
"app\api\superadmin\audit","app\api\superadmin","1","1","2"
"app\api\superadmin\audit\[id]","app\api\superadmin\audit","1","0","1"
"app\api\superadmin\audit-meta","app\api\superadmin","0","1","1"
"app\api\superadmin\audit-meta\recent","app\api\superadmin\audit-meta","1","0","1"
"app\api\superadmin\audit-write","app\api\superadmin","1","0","1"
"app\api\superadmin\autonomy","app\api\superadmin","1","1","2"
"app\api\superadmin\autonomy\run","app\api\superadmin\autonomy","1","0","1"
"app\api\superadmin\billing","app\api\superadmin","0","1","1"
"app\api\superadmin\billing\export","app\api\superadmin\billing","1","0","1"
"app\api\superadmin\billing-accounts","app\api\superadmin","1","0","1"
"app\api\superadmin\break-glass","app\api\superadmin","1","0","1"
"app\api\superadmin\cfo","app\api\superadmin","0","1","1"
"app\api\superadmin\cfo\summary","app\api\superadmin\cfo","1","0","1"
"app\api\superadmin\companies","app\api\superadmin","1","5","13"
"app\api\superadmin\companies\[companyId]","app\api\superadmin\companies","1","5","8"
"app\api\superadmin\companies\[companyId]\agreement","app\api\superadmin\companies\[companyId]","0","1","1"
"app\api\superadmin\companies\[companyId]\agreement\status","app\api\superadmin\companies\[companyId]\agreement","1","0","1"
"app\api\superadmin\companies\[companyId]\archive","app\api\superadmin\companies\[companyId]","1","2","3"
"app\api\superadmin\companies\[companyId]\archive\orders","app\api\superadmin\companies\[companyId]\archive","1","0","1"
"app\api\superadmin\companies\[companyId]\archive\summary","app\api\superadmin\companies\[companyId]\archive","1","0","1"
"app\api\superadmin\companies\[companyId]\esg","app\api\superadmin\companies\[companyId]","1","0","1"
"app\api\superadmin\companies\[companyId]\invoice-basis","app\api\superadmin\companies\[companyId]","1","0","1"
"app\api\superadmin\companies\[companyId]\orders","app\api\superadmin\companies\[companyId]","1","0","1"
"app\api\superadmin\companies\agreement","app\api\superadmin\companies","1","0","1"
"app\api\superadmin\companies\invoices","app\api\superadmin\companies","1","0","1"
"app\api\superadmin\companies\set-status","app\api\superadmin\companies","1","0","1"
"app\api\superadmin\companies\stats","app\api\superadmin\companies","1","0","1"
"app\api\superadmin\company","app\api\superadmin","0","1","1"
"app\api\superadmin\company\[companyId]","app\api\superadmin\company","0","1","1"
"app\api\superadmin\company\[companyId]\activate","app\api\superadmin\company\[companyId]","1","0","1"
"app\api\superadmin\control-tower","app\api\superadmin","1","7","8"
"app\api\superadmin\control-tower\autopilot","app\api\superadmin\control-tower","1","0","1"
"app\api\superadmin\control-tower\data","app\api\superadmin\control-tower","1","0","1"
"app\api\superadmin\control-tower\domination","app\api\superadmin\control-tower","1","0","1"
"app\api\superadmin\control-tower\golive","app\api\superadmin\control-tower","1","0","1"
"app\api\superadmin\control-tower\monopoly","app\api\superadmin\control-tower","1","0","1"
"app\api\superadmin\control-tower\scale","app\api\superadmin\control-tower","1","0","1"
"app\api\superadmin\control-tower\snapshot","app\api\superadmin\control-tower","1","0","1"
"app\api\superadmin\dashboard","app\api\superadmin","1","0","1"
"app\api\superadmin\diagnostics","app\api\superadmin","1","1","2"
"app\api\superadmin\diagnostics\repair","app\api\superadmin\diagnostics","1","0","1"
"app\api\superadmin\employees","app\api\superadmin","0","1","1"
"app\api\superadmin\employees\[userId]","app\api\superadmin\employees","1","0","1"
"app\api\superadmin\enterprise","app\api\superadmin","1","1","2"
"app\api\superadmin\enterprise\[groupId]","app\api\superadmin\enterprise","1","0","1"
"app\api\superadmin\esg","app\api\superadmin","0","5","6"
"app\api\superadmin\esg\benchmark","app\api\superadmin\esg","1","0","1"
"app\api\superadmin\esg\export","app\api\superadmin\esg","0","1","2"
"app\api\superadmin\esg\export\yearly","app\api\superadmin\esg\export","0","2","2"
"app\api\superadmin\esg\export\yearly\csv","app\api\superadmin\esg\export\yearly","1","0","1"
"app\api\superadmin\esg\export\yearly\json","app\api\superadmin\esg\export\yearly","1","0","1"
"app\api\superadmin\esg\latest-monthly","app\api\superadmin\esg","1","0","1"
"app\api\superadmin\esg\report","app\api\superadmin\esg","0","1","1"
"app\api\superadmin\esg\report\pdf","app\api\superadmin\esg\report","1","0","1"
"app\api\superadmin\esg\summary","app\api\superadmin\esg","1","0","1"
"app\api\superadmin\experiments","app\api\superadmin","1","0","1"
"app\api\superadmin\firms","app\api\superadmin","0","1","2"
"app\api\superadmin\firms\[companyId]","app\api\superadmin\firms","0","1","2"
"app\api\superadmin\firms\[companyId]\employees","app\api\superadmin\firms\[companyId]","1","1","2"
"app\api\superadmin\firms\[companyId]\employees\delete","app\api\superadmin\firms\[companyId]\employees","1","0","1"
"app\api\superadmin\global-intelligence","app\api\superadmin","0","1","1"
"app\api\superadmin\global-intelligence\summary","app\api\superadmin\global-intelligence","1","0","1"
"app\api\superadmin\growth","app\api\superadmin","0","1","1"
"app\api\superadmin\growth\capital-allocate","app\api\superadmin\growth","1","0","1"
"app\api\superadmin\growth-optimization","app\api\superadmin","1","0","1"
"app\api\superadmin\investor","app\api\superadmin","1","1","2"
"app\api\superadmin\investor\metrics","app\api\superadmin\investor","1","0","1"
"app\api\superadmin\invoices","app\api\superadmin","0","8","12"
"app\api\superadmin\invoices\csv","app\api\superadmin\invoices","1","0","1"
"app\api\superadmin\invoices\export","app\api\superadmin\invoices","1","0","1"
"app\api\superadmin\invoices\exports","app\api\superadmin\invoices","1","1","2"
"app\api\superadmin\invoices\exports\retry","app\api\superadmin\invoices\exports","1","0","1"
"app\api\superadmin\invoices\generate","app\api\superadmin\invoices","1","0","1"
"app\api\superadmin\invoices\mapping","app\api\superadmin\invoices","1","1","2"
"app\api\superadmin\invoices\mapping\bulk","app\api\superadmin\invoices\mapping","1","0","1"
"app\api\superadmin\invoices\reconcile","app\api\superadmin\invoices","1","0","1"
"app\api\superadmin\invoices\reverse","app\api\superadmin\invoices","1","0","1"
"app\api\superadmin\invoices\runs","app\api\superadmin\invoices","1","1","3"
"app\api\superadmin\invoices\runs\[runId]","app\api\superadmin\invoices\runs","1","1","2"
"app\api\superadmin\invoices\runs\[runId]\exports","app\api\superadmin\invoices\runs\[runId]","1","0","1"
"app\api\superadmin\menu-publish","app\api\superadmin","1","0","1"
"app\api\superadmin\menus-week","app\api\superadmin","1","0","1"
"app\api\superadmin\outbox","app\api\superadmin","0","2","2"
"app\api\superadmin\outbox\list","app\api\superadmin\outbox","1","0","1"
"app\api\superadmin\outbox\run","app\api\superadmin\outbox","1","0","1"
"app\api\superadmin\overview","app\api\superadmin","1","0","1"
"app\api\superadmin\profiles","app\api\superadmin","0","4","4"
"app\api\superadmin\profiles\assign","app\api\superadmin\profiles","1","0","1"
"app\api\superadmin\profiles\link-company","app\api\superadmin\profiles","1","0","1"
"app\api\superadmin\profiles\remove","app\api\superadmin\profiles","1","0","1"
"app\api\superadmin\profiles\update","app\api\superadmin\profiles","1","0","1"
"app\api\superadmin\quality","app\api\superadmin","1","1","2"
"app\api\superadmin\quality\update","app\api\superadmin\quality","1","0","1"
"app\api\superadmin\self-heal","app\api\superadmin","1","0","1"
"app\api\superadmin\system","app\api\superadmin","1","8","12"
"app\api\superadmin\system\cleanup-check","app\api\superadmin\system","1","0","1"
"app\api\superadmin\system\codex-prompt","app\api\superadmin\system","1","0","1"
"app\api\superadmin\system\flow","app\api\superadmin\system","0","1","1"
"app\api\superadmin\system\flow\diagnostics","app\api\superadmin\system\flow","1","0","1"
"app\api\superadmin\system\health","app\api\superadmin\system","1","0","1"
"app\api\superadmin\system\incidents","app\api\superadmin\system","1","0","1"
"app\api\superadmin\system\orders","app\api\superadmin\system","0","1","1"
"app\api\superadmin\system\orders\integrity","app\api\superadmin\system\orders","0","1","1"
"app\api\superadmin\system\orders\integrity\summary","app\api\superadmin\system\orders\integrity","1","0","1"
"app\api\superadmin\system\repairs","app\api\superadmin\system","0","4","4"
"app\api\superadmin\system\repairs\jobs","app\api\superadmin\system\repairs","1","0","1"
"app\api\superadmin\system\repairs\ops","app\api\superadmin\system\repairs","1","0","1"
"app\api\superadmin\system\repairs\run","app\api\superadmin\system\repairs","1","0","1"
"app\api\superadmin\system\repairs\summary","app\api\superadmin\system\repairs","1","0","1"
"app\api\superadmin\system\status","app\api\superadmin\system","1","0","1"
"app\api\superadmin\system-alerts","app\api\superadmin","1","0","1"
"app\api\superadmin\system-graph","app\api\superadmin","0","1","1"
"app\api\superadmin\system-graph\data","app\api\superadmin\system-graph","1","0","1"
"app\api\superadmin\user-disable","app\api\superadmin","1","0","1"
"app\api\superadmin\user-role","app\api\superadmin","1","0","1"
"app\api\superadmin\users","app\api\superadmin","1","6","7"
"app\api\superadmin\users\cleanup","app\api\superadmin\users","1","0","1"
"app\api\superadmin\users\delete","app\api\superadmin\users","1","0","1"
"app\api\superadmin\users\disable","app\api\superadmin\users","1","0","1"
"app\api\superadmin\users\enable","app\api\superadmin\users","1","0","1"
"app\api\superadmin\users\set-company-admin","app\api\superadmin\users","1","0","1"
"app\api\superadmin\users\set-scope","app\api\superadmin\users","1","0","1"
"app\api\support","app\api","0","1","1"
"app\api\support\report","app\api\support","1","0","1"
"app\api\system","app\api","1","9","11"
"app\api\system\ai","app\api\system","0","2","2"
"app\api\system\ai\diagnostics","app\api\system\ai","1","0","1"
"app\api\system\ai\health","app\api\system\ai","1","0","1"
"app\api\system\control-plane","app\api\system","1","0","1"
"app\api\system\freeze","app\api\system","1","0","1"
"app\api\system\health","app\api\system","1","0","1"
"app\api\system\outbox","app\api\system","0","1","1"
"app\api\system\outbox\process","app\api\system\outbox","1","0","1"
"app\api\system\receipts","app\api\system","1","0","1"
"app\api\system\run","app\api\system","1","0","1"
"app\api\system\snapshot","app\api\system","1","0","1"
"app\api\system\time","app\api\system","1","0","1"
"app\api\saas","app\api","0","3","4"
"app\api\saas\billing","app\api\saas","1","1","2"
"app\api\saas\billing\webhook","app\api\saas\billing","1","0","1"
"app\api\saas\onboarding","app\api\saas","1","0","1"
"app\api\saas\tenant","app\api\saas","1","0","1"
"app\api\track","app\api","0","1","1"
"app\api\track\click","app\api\track","1","0","1"
"app\api\user","app\api","0","1","2"
"app\api\user\gdpr","app\api\user","0","2","2"
"app\api\user\gdpr\delete","app\api\user\gdpr","1","0","1"
"app\api\user\gdpr\export","app\api\user\gdpr","1","0","1"
"app\api\v1","app\api","0","1","1"
"app\api\v1\public","app\api\v1","0","1","1"
"app\api\v1\public\orders","app\api\v1\public","1","0","1"
"app\api\week","app\api","1","0","1"
"app\api\weekplan","app\api","1","2","3"
"app\api\weekplan\next","app\api\weekplan","1","0","1"
"app\api\weekplan\publish","app\api\weekplan","1","0","1"
"app\api\worker","app\api","0","1","1"
"app\api\worker\run","app\api\worker","1","0","1"
"app\auth","app","0","5","5"
"app\auth\callback","app\auth","1","0","1"
"app\auth\login","app\auth","1","0","1"
"app\auth\post-login","app\auth","1","0","1"
"app\auth\profile","app\auth","1","0","1"
"app\auth\session","app\auth","1","0","1"
"app\definitiv-guide-firmalunsj","app","1","0","1"
"app\driver","app","4","1","5"
"app\driver\csv","app\driver","1","0","1"
"app\hva-er-lunsjordning","app","1","0","1"
"app\kitchen","app","6","1","8"
"app\kitchen\report","app\kitchen","2","0","2"
"app\kontakt","app","2","0","2"
"app\lunch-levering-bergen","app","1","0","1"
"app\lunsj-levering-oslo","app","1","0","1"
"app\lunsjordning-trondheim","app","1","0","1"
"app\menus","app","0","1","1"
"app\menus\week","app\menus","1","0","1"
"app\min-side","app","1","0","1"
"app\onboarding","app","3","2","5"
"app\onboarding\complete","app\onboarding","1","0","1"
"app\onboarding\thanks","app\onboarding","1","0","1"
"app\orders","app","1","0","1"
"app\outbox","app","1","0","1"
"app\pending","app","1","0","1"
"app\personvern","app","1","0","1"
"app\priser","app","1","0","1"
"app\product","app","0","1","1"
"app\product\[productId]","app\product","1","0","1"
"app\public","app","0","1","5"
"app\public\demo","app\public","5","0","5"
"app\registrering","app","1","0","1"
"app\sikkerhet","app","1","0","1"
"app\status","app","1","0","1"
"app\superadmin","app","5","29","103"
"app\superadmin\_components","app\superadmin","11","0","11"
"app\superadmin\agreements","app\superadmin","3","1","5"
"app\superadmin\agreements\[id]","app\superadmin\agreements","2","0","2"
"app\superadmin\audit","app\superadmin","2","1","4"
"app\superadmin\audit\[id]","app\superadmin\audit","2","0","2"
"app\superadmin\autonomy","app\superadmin","2","0","2"
"app\superadmin\billing","app\superadmin","1","0","1"
"app\superadmin\cfo","app\superadmin","2","0","2"
"app\superadmin\companies","app\superadmin","2","1","14"
"app\superadmin\companies\[companyId]","app\superadmin\companies","10","1","12"
"app\superadmin\companies\[companyId]\agreement","app\superadmin\companies\[companyId]","2","0","2"
"app\superadmin\control-tower","app\superadmin","3","0","3"
"app\superadmin\cto","app\superadmin","2","0","2"
"app\superadmin\enterprise","app\superadmin","2","1","4"
"app\superadmin\enterprise\[groupId]","app\superadmin\enterprise","2","0","2"
"app\superadmin\esg","app\superadmin","3","1","5"
"app\superadmin\esg\[companyId]","app\superadmin\esg","2","0","2"
"app\superadmin\experiments","app\superadmin","2","0","2"
"app\superadmin\firms","app\superadmin","4","1","8"
"app\superadmin\firms\[companyId]","app\superadmin\firms","3","1","4"
"app\superadmin\firms\[companyId]\employees","app\superadmin\firms\[companyId]","1","0","1"
"app\superadmin\global","app\superadmin","2","0","2"
"app\superadmin\growth","app\superadmin","0","1","3"
"app\superadmin\growth\social","app\superadmin\growth","3","0","3"
"app\superadmin\investor","app\superadmin","2","0","2"
"app\superadmin\invoices","app\superadmin","2","3","6"
"app\superadmin\invoices\[runId]","app\superadmin\invoices","1","0","1"
"app\superadmin\invoices\reconcile","app\superadmin\invoices","2","0","2"
"app\superadmin\invoices\ui","app\superadmin\invoices","1","0","1"
"app\superadmin\operations","app\superadmin","1","0","1"
"app\superadmin\orders-today","app\superadmin","1","0","1"
"app\superadmin\outbox","app\superadmin","2","0","2"
"app\superadmin\overview","app\superadmin","1","0","1"
"app\superadmin\pipeline","app\superadmin","2","0","2"
"app\superadmin\sales","app\superadmin","2","0","2"
"app\superadmin\sales-agent","app\superadmin","2","0","2"
"app\superadmin\sales-loop","app\superadmin","2","0","2"
"app\superadmin\strategy","app\superadmin","2","0","2"
"app\superadmin\system","app\superadmin","3","1","4"
"app\superadmin\system\operations","app\superadmin\system","1","0","1"
"app\superadmin\system-graph","app\superadmin","2","0","2"
"app\superadmin\users","app\superadmin","1","0","1"
"app\system","app","2","2","5"
"app\system\[section]","app\system","1","0","1"
"app\system\kvittering","app\system","2","0","2"
"app\system-for-lunsjbestilling","app","1","0","1"
"app\saas","app","0","3","6"
"app\saas\billing","app\saas","2","0","2"
"app\saas\onboarding","app\saas","2","0","2"
"app\saas\plans","app\saas","2","0","2"
"app\today","app","3","0","3"
"app\vilkar","app","1","0","1"
"archive","","2","2","22"
"archive\app","archive","0","3","7"
"archive\app\(backoffice)","archive\app","0","1","4"
"archive\app\(backoffice)\backoffice","archive\app\(backoffice)","0","2","4"
"archive\app\(backoffice)\backoffice\_shell","archive\app\(backoffice)\backoffice","3","0","3"
"archive\app\(backoffice)\backoffice\content","archive\app\(backoffice)\backoffice","1","0","1"
"archive\app\(public)","archive\app","0","1","1"
"archive\app\(public)\registrering","archive\app\(public)","0","1","1"
"archive\app\(public)\registrering\components","archive\app\(public)\registrering","1","0","1"
"archive\app\today","archive\app","2","0","2"
"archive\components","archive","10","1","13"
"archive\components\site","archive\components","3","0","3"
"audit","","0","1","2"
"audit\forensic-2026-04-05","audit","2","0","2"
"components","","7","25","266"
"components\admin","components","25","0","25"
"components\ai","components","4","0","4"
"components\ai-motor","components","1","0","1"
"components\app","components","1","0","1"
"components\audit","components","2","0","2"
"components\auth","components","9","0","9"
"components\backoffice","components","21","0","21"
"components\blocks","components","20","1","65"
"components\blocks\enterpriseRegistry","components\blocks","45","0","45"
"components\cms","components","11","1","26"
"components\cms\control-plane","components\cms","15","0","15"
"components\kitchen","components","1","0","1"
"components\layout","components","14","0","14"
"components\nav","components","3","0","3"
"components\onboarding","components","6","0","6"
"components\orders","components","2","0","2"
"components\providers","components","1","0","1"
"components\public","components","1","0","1"
"components\registration","components","2","0","2"
"components\revenue","components","1","0","1"
"components\seo","components","3","0","3"
"components\site","components","0","0",
"components\superadmin","components","29","1","38"
"components\superadmin\controlTower","components\superadmin","9","0","9"
"components\system","components","7","0","7"
"components\toast","components","1","0","1"
"components\ui","components","21","2","24"
"components\ui\cms","components\ui","2","0","2"
"components\ui\ds","components\ui","1","0","1"
"components\week","components","1","0","1"
"config","","1","0","1"
"design","","1","0","1"
"docs","","39","33","1204"
"docs\ai-editor","docs","1","0","1"
"docs\ai-engine","docs","7","0","7"
"docs\audit","docs","17","1","39"
"docs\audit\full-system","docs\audit","22","0","22"
"docs\auth","docs","1","0","1"
"docs\backoffice","docs","10","0","10"
"docs\cms","docs","2","0","2"
"docs\cms-control-plane","docs","130","0","130"
"docs\commercial","docs","1","0","1"
"docs\db","docs","7","0","7"
"docs\decision","docs","9","0","9"
"docs\drift","docs","1","0","1"
"docs\e2e","docs","1","0","1"
"docs\enterprise","docs","3","0","3"
"docs\enterprise-ready","docs","18","0","18"
"docs\evidence","docs","18","0","18"
"docs\hardening","docs","27","0","27"
"docs\integrations","docs","1","0","1"
"docs\investor","docs","1","0","1"
"docs\live-ready","docs","19","0","19"
"docs\order-flow","docs","1","0","1"
"docs\phase2","docs","8","0","8"
"docs\phase2a","docs","23","0","23"
"docs\phase2b","docs","22","0","22"
"docs\phase2c","docs","34","0","34"
"docs\phase2d","docs","31","0","31"
"docs\product","docs","9","0","9"
"docs\rc","docs","2","0","2"
"docs\refactor","docs","22","0","22"
"docs\repo-audit","docs","40","0","40"
"docs\reports","docs","18","0","18"
"docs\sales","docs","2","0","2"
"docs\security","docs","5","0","5"
"docs\umbraco-parity","docs","651","1","652"
"docs\umbraco-parity\u38-screen-proof","docs\umbraco-parity","1","0","1"
"domain","","0","1","3"
"domain\backoffice","domain","0","1","3"
"domain\backoffice\ai","domain\backoffice","1","1","3"
"domain\backoffice\ai\metrics","domain\backoffice\ai","2","0","2"
"e2e","","20","2","23"
"e2e\fixtures","e2e","1","0","1"
"e2e\helpers","e2e","2","0","2"
"evidence","","58","34","118"
"evidence\cron-smoke-20260217-165030","evidence","1","0","1"
"evidence\cron-smoke-20260217-165124","evidence","1","0","1"
"evidence\cron-smoke-20260217-185607","evidence","1","0","1"
"evidence\cron-smoke-20260217-185809","evidence","0","0",
"evidence\cron-smoke-20260217-185843","evidence","0","0",
"evidence\cron-smoke-20260217-185959","evidence","1","0","1"
"evidence\cron-smoke-20260217-191434","evidence","1","0","1"
"evidence\cron-smoke-20260217-191652","evidence","1","0","1"
"evidence\forecast-smoke-20260217-185809","evidence","0","0",
"evidence\forecast-smoke-20260217-185843","evidence","0","0",
"evidence\forecast-smoke-20260217-185959","evidence","3","0","3"
"evidence\forecast-smoke-20260217-191434","evidence","3","0","3"
"evidence\forecast-smoke-20260217-191652","evidence","3","0","3"
"evidence\outbox-smoke-20260217-185809","evidence","0","0",
"evidence\outbox-smoke-20260217-185843","evidence","0","0",
"evidence\outbox-smoke-20260217-185959","evidence","3","0","3"
"evidence\outbox-smoke-20260217-191434","evidence","3","0","3"
"evidence\outbox-smoke-20260217-191652","evidence","3","0","3"
"evidence\preprod-smoke-20260217-185809","evidence","0","0",
"evidence\preprod-smoke-20260217-185844","evidence","0","0",
"evidence\preprod-smoke-20260217-185959","evidence","3","0","3"
"evidence\preprod-smoke-20260217-191434","evidence","3","0","3"
"evidence\preprod-smoke-20260217-191652","evidence","3","0","3"
"evidence\prod-check-20260217-165030","evidence","3","0","3"
"evidence\prod-check-20260217-165124","evidence","3","0","3"
"evidence\prod-check-20260217-165151","evidence","3","0","3"
"evidence\prod-check-20260217-185420","evidence","3","0","3"
"evidence\prod-check-20260217-185552","evidence","3","0","3"
"evidence\prod-check-20260217-191957","evidence","3","0","3"
"evidence\week-scheduler-smoke-20260217-185809","evidence","0","0",
"evidence\week-scheduler-smoke-20260217-185844","evidence","0","0",
"evidence\week-scheduler-smoke-20260217-185959","evidence","3","0","3"
"evidence\week-scheduler-smoke-20260217-191434","evidence","3","0","3"
"evidence\week-scheduler-smoke-20260217-191652","evidence","3","0","3"
"infra","","2","0","2"
"k8s","","2","0","2"
"lib","","5","152","2098"
"lib\acquire","lib","3","0","3"
"lib\admin","lib","3","1","4"
"lib\admin\agreement","lib\admin","1","0","1"
"lib\ads","lib","33","0","33"
"lib\agents","lib","3","0","3"
"lib\agreement","lib","4","0","4"
"lib\agreements","lib","6","0","6"
"lib\ai","lib","233","74","703"
"lib\ai\actions","lib\ai","1","0","1"
"lib\ai\agents","lib\ai","10","0","10"
"lib\ai\analysis","lib\ai","1","0","1"
"lib\ai\architecture","lib\ai","2","0","2"
"lib\ai\attribution","lib\ai","6","0","6"
"lib\ai\autonomy","lib\ai","9","0","9"
"lib\ai\behaviour","lib\ai","1","0","1"
"lib\ai\block","lib\ai","1","0","1"
"lib\ai\boardroom","lib\ai","7","0","7"
"lib\ai\brain","lib\ai","3","0","3"
"lib\ai\capital","lib\ai","10","0","10"
"lib\ai\ceo","lib\ai","9","0","9"
"lib\ai\churn","lib\ai","1","0","1"
"lib\ai\company","lib\ai","10","0","10"
"lib\ai\content","lib\ai","2","0","2"
"lib\ai\context","lib\ai","3","0","3"
"lib\ai\contract","lib\ai","1","0","1"
"lib\ai\control","lib\ai","14","0","14"
"lib\ai\controlTower","lib\ai","2","0","2"
"lib\ai\conversion","lib\ai","1","0","1"
"lib\ai\creativity","lib\ai","1","0","1"
"lib\ai\cro","lib\ai","1","0","1"
"lib\ai\culture","lib\ai","1","0","1"
"lib\ai\delivery","lib\ai","2","0","2"
"lib\ai\design","lib\ai","9","0","9"
"lib\ai\engines","lib\ai","0","1","198"
"lib\ai\engines\capabilities","lib\ai\engines","198","0","198"
"lib\ai\enterprise","lib\ai","3","0","3"
"lib\ai\events","lib\ai","1","0","1"
"lib\ai\experience","lib\ai","1","0","1"
"lib\ai\experiments","lib\ai","5","0","5"
"lib\ai\forecast","lib\ai","1","0","1"
"lib\ai\governance","lib\ai","2","0","2"
"lib\ai\growth","lib\ai","1","0","1"
"lib\ai\health","lib\ai","1","0","1"
"lib\ai\insights","lib\ai","4","0","4"
"lib\ai\intelligence","lib\ai","14","0","14"
"lib\ai\jobs","lib\ai","3","0","3"
"lib\ai\kitchen","lib\ai","3","0","3"
"lib\ai\knowledge","lib\ai","2","0","2"
"lib\ai\layout","lib\ai","2","0","2"
"lib\ai\learning","lib\ai","6","0","6"
"lib\ai\logging","lib\ai","4","0","4"
"lib\ai\market","lib\ai","8","0","8"
"lib\ai\marketing","lib\ai","1","0","1"
"lib\ai\media","lib\ai","1","0","1"
"lib\ai\memory","lib\ai","15","0","15"
"lib\ai\menu","lib\ai","3","0","3"
"lib\ai\monopoly","lib\ai","7","0","7"
"lib\ai\nutrition","lib\ai","1","0","1"
"lib\ai\org","lib\ai","7","0","7"
"lib\ai\pageIntent","lib\ai","1","0","1"
"lib\ai\pairing","lib\ai","1","0","1"
"lib\ai\personalization","lib\ai","1","0","1"
"lib\ai\pricing","lib\ai","1","0","1"
"lib\ai\procurement","lib\ai","1","0","1"
"lib\ai\profit","lib\ai","7","0","7"
"lib\ai\radar","lib\ai","1","0","1"
"lib\ai\reality","lib\ai","8","0","8"
"lib\ai\resources","lib\ai","6","0","6"
"lib\ai\retention","lib\ai","1","0","1"
"lib\ai\revenue","lib\ai","7","0","7"
"lib\ai\safety","lib\ai","1","0","1"
"lib\ai\sales","lib\ai","1","0","1"
"lib\ai\scaling","lib\ai","6","0","6"
"lib\ai\schema","lib\ai","5","0","5"
"lib\ai\segmentation","lib\ai","1","0","1"
"lib\ai\strategic","lib\ai","1","0","1"
"lib\ai\tools","lib\ai","12","0","12"
"lib\ai\traffic","lib\ai","1","0","1"
"lib\ai\ui","lib\ai","1","0","1"
"lib\ai\utils","lib\ai","1","0","1"
"lib\ai\ux","lib\ai","1","0","1"
"lib\ai\validation","lib\ai","1","0","1"
"lib\ai\waste","lib\ai","1","0","1"
"lib\alerts","lib","6","0","6"
"lib\analytics","lib","3","0","3"
"lib\api","lib","6","0","6"
"lib\approval","lib","1","0","1"
"lib\attribution","lib","1","0","1"
"lib\audit","lib","11","0","11"
"lib\auth","lib","28","0","28"
"lib\automation","lib","1","0","1"
"lib\autonomy","lib","38","0","38"
"lib\autopilot","lib","13","0","13"
"lib\backoffice","lib","1","2","6"
"lib\backoffice\content","lib\backoffice","3","0","3"
"lib\backoffice\experiments","lib\backoffice","2","0","2"
"lib\billing","lib","9","0","9"
"lib\board","lib","1","0","1"
"lib\business","lib","6","0","6"
"lib\cache","lib","4","0","4"
"lib\campaign","lib","1","0","1"
"lib\ceo","lib","9","0","9"
"lib\chaos","lib","3","0","3"
"lib\cms","lib","65","11","105"
"lib\cms\backoffice","lib\cms","5","0","5"
"lib\cms\blocks","lib\cms","6","0","6"
"lib\cms\components","lib\cms","1","0","1"
"lib\cms\design","lib\cms","2","0","2"
"lib\cms\health","lib\cms","1","0","1"
"lib\cms\media","lib\cms","4","0","4"
"lib\cms\model","lib\cms","6","0","6"
"lib\cms\overlays","lib\cms","2","0","2"
"lib\cms\plugins","lib\cms","4","0","4"
"lib\cms\public","lib\cms","8","0","8"
"lib\cms\seed","lib\cms","1","0","1"
"lib\compliance","lib","2","0","2"
"lib\config","lib","2","0","2"
"lib\content","lib","7","0","7"
"lib\controlTower","lib","4","0","4"
"lib\copy","lib","2","0","2"
"lib\core","lib","22","0","22"
"lib\crm","lib","3","0","3"
"lib\cro","lib","6","0","6"
"lib\cto","lib","7","0","7"
"lib\data","lib","6","0","6"
"lib\date","lib","7","0","7"
"lib\db","lib","5","0","5"
"lib\demo","lib","5","0","5"
"lib\design","lib","7","0","7"
"lib\distributed","lib","3","0","3"
"lib\domain","lib","1","0","1"
"lib\domination","lib","6","0","6"
"lib\driver","lib","1","0","1"
"lib\edge","lib","7","0","7"
"lib\email","lib","3","0","3"
"lib\engine","lib","4","0","4"
"lib\enterprise","lib","1","0","1"
"lib\env","lib","1","0","1"
"lib\errors","lib","1","0","1"
"lib\esg","lib","18","0","18"
"lib\eventBus","lib","3","0","3"
"lib\evolution","lib","10","0","10"
"lib\execution","lib","3","0","3"
"lib\exit","lib","9","0","9"
"lib\experiment","lib","17","0","17"
"lib\experiments","lib","15","0","15"
"lib\finance","lib","10","0","10"
"lib\flags","lib","1","0","1"
"lib\forecast","lib","8","0","8"
"lib\global","lib","20","0","20"
"lib\golive","lib","6","0","6"
"lib\growth","lib","44","1","57"
"lib\growth\capitalAllocation","lib\growth","13","0","13"
"lib\gtm","lib","18","0","18"
"lib\guards","lib","2","0","2"
"lib\hooks","lib","3","0","3"
"lib\http","lib","30","0","30"
"lib\i18n","lib","1","0","1"
"lib\idempotency","lib","2","0","2"
"lib\infra","lib","15","0","15"
"lib\integrations","lib","12","2","17"
"lib\integrations\hubspot","lib\integrations","4","0","4"
"lib\integrations\tripletex","lib\integrations","1","0","1"
"lib\investor","lib","3","0","3"
"lib\invites","lib","2","0","2"
"lib\ipo","lib","2","0","2"
"lib\kitchen","lib","8","0","8"
"lib\layout","lib","5","0","5"
"lib\leads","lib","2","0","2"
"lib\learning","lib","2","0","2"
"lib\live","lib","1","0","1"
"lib\localRuntime","lib","2","0","2"
"lib\market","lib","13","0","13"
"lib\media","lib","10","0","10"
"lib\menu","lib","1","0","1"
"lib\metrics","lib","2","0","2"
"lib\ml","lib","30","0","30"
"lib\monitoring","lib","7","0","7"
"lib\monopoly","lib","5","0","5"
"lib\moo","lib","18","0","18"
"lib\mvo","lib","20","0","20"
"lib\network","lib","1","0","1"
"lib\neural","lib","6","0","6"
"lib\observability","lib","31","0","31"
"lib\onboarding","lib","7","0","7"
"lib\ops","lib","7","0","7"
"lib\optimization","lib","1","0","1"
"lib\orderBackup","lib","10","0","10"
"lib\orders","lib","10","0","10"
"lib\outbound","lib","27","0","27"
"lib\outbox","lib","2","0","2"
"lib\partners","lib","3","0","3"
"lib\pdf","lib","1","0","1"
"lib\personalization","lib","2","0","2"
"lib\phone","lib","1","0","1"
"lib\pilot","lib","1","0","1"
"lib\pipeline","lib","20","0","20"
"lib\pitch","lib","1","0","1"
"lib\platform","lib","1","0","1"
"lib\pos","lib","15","0","15"
"lib\predictive","lib","7","0","7"
"lib\pricing","lib","8","0","8"
"lib\procurement","lib","9","0","9"
"lib\product","lib","8","0","8"
"lib\production","lib","1","0","1"
"lib\public","lib","2","4","23"
"lib\public\analytics","lib\public","3","0","3"
"lib\public\blocks","lib\public","3","0","3"
"lib\public\demoCtaAb","lib\public","12","0","12"
"lib\public\forms","lib\public","3","0","3"
"lib\queue","lib","6","0","6"
"lib\recovery","lib","3","0","3"
"lib\repo","lib","1","0","1"
"lib\repo-intelligence","lib","1","0","1"
"lib\revenue","lib","45","0","45"
"lib\rl","lib","1","0","1"
"lib\runtime","lib","2","0","2"
"lib\sales","lib","60","0","60"
"lib\salesAutonomy","lib","9","0","9"
"lib\sanity","lib","7","0","7"
"lib\scale","lib","6","0","6"
"lib\sdr","lib","3","0","3"
"lib\security","lib","12","0","12"
"lib\selfheal","lib","10","0","10"
"lib\self-healing","lib","3","0","3"
"lib\seo","lib","15","0","15"
"lib\server","lib","0","2","8"
"lib\server\agreements","lib\server","4","0","4"
"lib\server\demoCtaAb","lib\server","4","0","4"
"lib\settings","lib","4","0","4"
"lib\simulation","lib","3","0","3"
"lib\social","lib","74","0","74"
"lib\sre","lib","2","0","2"
"lib\strategy","lib","10","0","10"
"lib\supabase","lib","8","0","8"
"lib\superadmin","lib","8","0","8"
"lib\system","lib","19","0","19"
"lib\saas","lib","5","0","5"
"lib\tenant","lib","2","0","2"
"lib\theme","lib","1","0","1"
"lib\toast","lib","1","0","1"
"lib\tripletex","lib","1","0","1"
"lib\types","lib","1","0","1"
"lib\ui","lib","16","0","16"
"lib\url","lib","2","0","2"
"lib\utils","lib","1","0","1"
"lib\validation","lib","3","0","3"
"lib\video","lib","14","0","14"
"lib\week","lib","3","0","3"
"lib\workflow","lib","1","0","1"
"perf","","0","1","8"
"perf\k6","perf","4","1","8"
"perf\k6\scenarios","perf\k6","4","0","4"
"playwright-report","","1","0","1"
"plugins","","2","0","2"
"public","","6","6","49"
"public\brand","public","2","0","2"
"public\favicon_io","public","7","0","7"
"public\forsidebilder","public","1","0","1"
"public\LunchPortalen_Enterprise_Logo_Pack","public","0","5","7"
"public\LunchPortalen_Enterprise_Logo_Pack\01_PRIMARY","public\LunchPortalen_Enterprise_Logo_Pack","3","0","3"
"public\LunchPortalen_Enterprise_Logo_Pack\03_Favicon","public\LunchPortalen_Enterprise_Logo_Pack","1","0","1"
"public\LunchPortalen_Enterprise_Logo_Pack\06_MANUAL","public\LunchPortalen_Enterprise_Logo_Pack","1","0","1"
"public\LunchPortalen_Enterprise_Logo_Pack\07_SVG","public\LunchPortalen_Enterprise_Logo_Pack","1","0","1"
"public\LunchPortalen_Enterprise_Logo_Pack\08_VECTOR","public\LunchPortalen_Enterprise_Logo_Pack","1","0","1"
"public\matbilder","public","23","0","23"
"public\og","public","3","0","3"
"repo-intelligence","","13","0","13"
"reports","","1","0","1"
"scripts","","42","8","78"
"scripts\audit","scripts","1","0","1"
"scripts\backoffice","scripts","2","0","2"
"scripts\ci","scripts","9","0","9"
"scripts\db","scripts","1","0","1"
"scripts\git-hooks","scripts","1","0","1"
"scripts\smoke","scripts","7","0","7"
"scripts\sql","scripts","2","0","2"
"scripts\system-test","scripts","2","2","13"
"scripts\system-test\steps","scripts\system-test","6","0","6"
"scripts\system-test\utils","scripts\system-test","5","0","5"
"src","","0","2","19"
"src\components","src","0","5","17"
"src\components\layout","src\components","2","0","2"
"src\components\nav","src\components","4","0","4"
"src\components\registration","src\components","1","0","1"
"src\components\ui","src\components","1","1","9"
"src\components\ui\ds","src\components\ui","8","0","8"
"src\components\week","src\components","1","0","1"
"src\lib","src","0","2","2"
"src\lib\agreements","src\lib","1","0","1"
"src\lib\guards","src\lib","1","0","1"
"studio","","14","8","46"
"studio\.sanity","studio","0","1","2"
"studio\.sanity\runtime","studio\.sanity","2","0","2"
"studio\lunchportalen-studio","studio","9","2","11"
"studio\lunchportalen-studio\schemaTypes","studio\lunchportalen-studio","1","0","1"
"studio\lunchportalen-studio\static","studio\lunchportalen-studio","1","0","1"
"studio\schemas","studio","3","0","3"
"studio\schemaTypes","studio","11","0","11"
"studio\seed","studio","1","0","1"
"studio\src","studio","1","1","2"
"studio\src\tools","studio\src","1","0","1"
"studio\static","studio","1","0","1"
"studio\tools","studio","0","1","1"
"studio\tools\weekPlanner","studio\tools","1","0","1"
"supabase","","2","3","164"
"supabase\.branches","supabase","1","0","1"
"supabase\.temp","supabase","8","0","8"
"supabase\migrations","supabase","153","0","153"
"superadmin","","0","1",
"superadmin\system","superadmin","0","1",
"superadmin\system\repairs","superadmin\system","0","1",
"superadmin\system\repairs\run","superadmin\system\repairs","0","0",
"test-results","","1","0","1"
"tests","","17","45","290"
"tests\_helpers","tests","4","0","4"
"tests\_mocks","tests","1","0","1"
"tests\admin","tests","1","0","1"
"tests\ads","tests","4","0","4"
"tests\agreements","tests","2","0","2"
"tests\ai","tests","37","2","39"
"tests\ai\company","tests\ai","1","0","1"
"tests\ai\revenue","tests\ai","1","0","1"
"tests\alerts","tests","1","0","1"
"tests\analytics","tests","1","0","1"
"tests\api","tests","40","0","40"
"tests\audit","tests","1","0","1"
"tests\auth","tests","15","0","15"
"tests\autonomy","tests","1","0","1"
"tests\backoffice","tests","8","0","8"
"tests\billing","tests","3","0","3"
"tests\cms","tests","64","0","64"
"tests\compliance","tests","1","0","1"
"tests\components","tests","1","0","1"
"tests\core","tests","1","0","1"
"tests\db","tests","1","0","1"
"tests\driver","tests","1","0","1"
"tests\env","tests","2","0","2"
"tests\esg","tests","2","0","2"
"tests\finance","tests","1","0","1"
"tests\forecast","tests","1","0","1"
"tests\gtm","tests","1","0","1"
"tests\integrations","tests","1","0","1"
"tests\invites","tests","1","0","1"
"tests\kitchen","tests","3","0","3"
"tests\lib","tests","9","8","29"
"tests\lib\ai","tests\lib","2","0","2"
"tests\lib\cro","tests\lib","5","0","5"
"tests\lib\design","tests\lib","1","0","1"
"tests\lib\http","tests\lib","1","0","1"
"tests\lib\kitchen","tests\lib","3","0","3"
"tests\lib\media","tests\lib","3","0","3"
"tests\lib\observability","tests\lib","1","0","1"
"tests\lib\seo","tests\lib","4","0","4"
"tests\middleware","tests","1","0","1"
"tests\ml","tests","2","0","2"
"tests\motion","tests","1","0","1"
"tests\observability","tests","3","0","3"
"tests\pricing","tests","1","0","1"
"tests\procurement","tests","1","0","1"
"tests\product","tests","1","0","1"
"tests\revenue","tests","1","0","1"
"tests\rls","tests","7","0","7"
"tests\runtime","tests","11","0","11"
"tests\security","tests","5","0","5"
"tests\smoke","tests","1","0","1"
"tests\social","tests","1","0","1"
"tests\superadmin","tests","1","0","1"
"tests\system","tests","1","0","1"
"tests\video","tests","4","0","4"
"workers","","1","0","1"
